component,value
trace,4.4721359549995793e-01
axial,0.0000000000000000e+00
tensor,0.0000000000000000e+00
